User,Sight,Session,Start,End,Dur,Time,ErrA,ErrB,Error
1,0,1,03:11:49,03:11:58,00:00:09,9,281.2689783,197.6813098,239.4751441
1,0,1,03:12:07,03:12:14,00:00:07,7,36.09108916,78.79630181,57.44369548
1,0,1,03:12:22,03:12:31,00:00:09,9,297.1641491,261.5608726,279.3625109
1,0,1,03:12:46,03:12:55,00:00:09,9,162.861366,188.4535845,175.6574752
1,0,1,03:13:03,03:13:13,00:00:10,10,290.6034292,204.7191421,247.6612856
1,0,1,03:13:18,03:13:24,00:00:06,6,188.3387679,118.1049723,153.2218701
1,0,2,03:16:37,03:16:45,00:00:08,8,167.83,85.63393414,126.7330211
1,0,2,03:16:56,03:17:05,00:00:09,9,189.2995015,102.7656407,146.0325711
1,0,2,03:17:15,03:17:23,00:00:08,8,275.0075966,182.0441465,228.5258715
1,0,2,03:17:33,03:17:39,00:00:06,6,129.7348041,46.13352499,87.93416453
1,0,2,03:17:51,03:17:58,00:00:07,7,75.73453759,64.51989082,70.12721421
1,0,2,03:18:09,03:18:14,00:00:05,5,56.17058436,52.8298386,54.50021148
1,0,2,03:18:31,03:18:38,00:00:07,7,29.62587543,90.47665836,60.05126689
1,0,2,03:18:47,03:18:54,00:00:07,7,67.20841162,147.5648593,107.3866355
1,0,2,03:19:09,03:19:16,00:00:07,7,148.4499532,104.5964843,126.5232187
1,0,2,03:19:27,03:19:33,00:00:06,6,205.4205053,123.7727219,164.5966136
1,0,3,03:21:28,03:21:35,00:00:07,7,447.3065527,476.7702407,462.0383967
1,0,3,03:21:45,03:21:52,00:00:07,7,42.04283323,46.12744241,44.08513782
1,0,3,03:22:01,03:22:07,00:00:06,6,108.3025445,114.6707803,111.4866624
1,0,3,03:22:14,03:22:19,00:00:05,5,93.59181115,103.7769282,98.68436965
1,0,3,03:22:27,03:22:33,00:00:06,6,86.76539859,87.82845077,87.29692468
1,0,3,03:22:41,03:22:46,00:00:05,5,149.9192351,148.7642727,149.3417539
1,0,4,03:32:30,03:32:39,00:00:09,9,75.41771635,73.64958843,74.53365239
1,0,4,03:32:46,03:32:56,00:00:10,10,58.01142727,57.51123167,57.76132947
1,0,4,03:33:04,03:33:11,00:00:07,7,52.76884116,48.3718781,50.57035963
1,0,4,03:33:22,03:33:38,00:00:16,16,124.1326718,126.1643751,125.1485234
1,0,4,03:33:52,03:34:00,00:00:08,8,126.5913623,104.6253842,115.6083732
1,0,4,03:34:08,03:34:26,00:00:18,18,152.9885888,184.8516222,168.9201055
1,0,4,03:34:37,03:34:45,00:00:08,8,40.54744763,38.62475461,39.58610112
1,0,4,03:34:54,03:35:04,00:00:10,10,102.147768,100.9939814,101.5708747
1,0,4,03:50:29,03:50:32,00:00:03,3,21.76066031,14.65669855,18.20867943
1,0,4,03:50:33,03:50:52,00:00:19,19,131.6130819,128.0117598,129.8124208
1,0,5,03:36:26,03:36:32,00:00:06,6,113.4907364,107.0202237,110.25548
1,0,5,03:36:46,03:36:53,00:00:07,7,163.5530197,171.7375987,167.6453092
1,0,5,03:37:05,03:37:12,00:00:07,7,117.3459299,124.2346625,120.7902962
1,0,5,03:37:26,03:37:31,00:00:05,5,202.9590071,217.7257004,210.3423538
1,0,5,03:37:42,03:37:48,00:00:06,6,216.1677844,205.7178625,210.9428235
1,0,5,03:37:57,03:38:04,00:00:07,7,78.35334855,82.90521483,80.62928169
3,0,1,10:15:14,10:15:25,00:00:11,11,55.20814597,60.27915587,57.74365092
3,0,1,10:15:35,10:15:45,00:00:10,10,242.3553737,233.8552956,238.1053346
3,0,1,10:16:37,10:16:46,00:00:09,9,189.6197716,183.2303784,186.425075
3,0,1,10:17:08,10:17:20,00:00:12,12,160.694594,140.9271403,150.8108672
3,0,1,10:17:48,10:18:00,00:00:12,12,88.01479467,109.314847,98.66482082
3,0,1,10:18:14,10:18:25,00:00:11,11,182.7899525,163.9130619,173.3515072
3,0,4,10:27:17,10:27:30,00:00:13,13,86.23399113,50.11890593,68.17644853
3,0,4,10:28:14,10:28:27,00:00:13,13,278.2085631,216.9958817,247.6022224
3,0,4,10:28:48,10:29:03,00:00:15,15,127.7934619,71.2367751,99.51511848
3,0,4,10:29:52,10:30:08,00:00:16,16,440.4657737,106.3868858,273.4263298
3,0,4,10:31:25,10:31:38,00:00:13,13,345.5249181,315.2378685,330.3813933
3,0,4,10:33:06,10:33:34,00:00:28,28,927.7317775,1045.791766,986.7617719
3,0,4,10:38:56,10:39:05,00:00:09,9,190.1828623,151.5839571,170.8834097
3,0,4,10:39:23,10:39:34,00:00:11,11,397.2745572,360.4341924,378.8543748
3,0,4,10:40:47,10:40:58,00:00:11,11,80.15383679,56.57195112,68.36289396
3,0,4,10:41:09,10:41:24,00:00:15,15,289.1283351,252.5966869,270.862511
3,0,5,10:47:32,10:47:42,00:00:10,10,149.2238706,226.2824773,187.7531739
3,0,5,10:47:54,10:48:05,00:00:11,11,94.0228526,99.1244469,96.57364975
3,0,5,10:48:16,10:48:25,00:00:09,9,106.9084027,153.0711683,129.9897855
3,0,5,10:48:32,10:48:40,00:00:08,8,140.1464033,149.5693126,144.8578579
3,0,5,10:48:51,10:48:57,00:00:06,6,77.16600957,131.3946322,104.2803209
3,0,5,10:49:08,10:49:16,00:00:08,8,267.7487598,348.0473679,307.8980639
3,0,2,10:52:59,10:53:06,00:00:07,7,84.504246,47.11651864,65.81038232
3,0,2,10:53:19,10:53:27,00:00:08,8,93.09162675,53.44724474,73.26943574
3,0,2,10:53:50,10:53:55,00:00:05,5,139.1026137,65.58158473,102.3420992
3,0,2,10:54:05,10:54:11,00:00:06,6,86.11716144,45.17649876,65.6468301
3,0,2,10:54:42,10:54:49,00:00:07,7,71.16421269,75.91542747,73.53982008
3,0,2,10:54:59,10:55:05,00:00:06,6,145.3956424,75.89387878,110.6447606
3,0,2,10:55:15,10:55:21,00:00:06,6,89.60700762,46.55006378,68.0785357
3,0,2,10:55:30,10:55:36,00:00:06,6,134.8843323,90.2416782,112.5630052
3,0,2,10:55:48,10:55:54,00:00:06,6,140.0696743,71.36524422,105.7174593
3,0,2,10:56:06,10:56:10,00:00:04,4,171.1620175,97.00059895,134.0813082
3,0,3,11:01:02,11:01:07,00:00:05,5,137.8463977,104.3868648,121.1166312
3,0,3,11:01:15,11:01:22,00:00:07,7,156.0617969,81.52584531,118.7938211
3,0,3,11:01:32,11:01:38,00:00:06,6,216.0321754,167.119784,191.5759797
3,0,3,11:01:53,11:01:59,00:00:06,6,100.4296397,73.09627792,86.76295883
3,0,3,11:02:10,11:02:26,00:00:16,16,760.779502,714.1780269,737.4787645
3,0,3,11:02:39,11:02:47,00:00:08,8,276.5131763,206.4846097,241.498893
5,0,1,03:01:03,03:01:12,00:00:09,9,184.5665383,177.375026,180.9707821
5,0,1,03:01:28,03:01:36,00:00:08,8,147.3496219,165.3763162,156.362969
5,0,1,03:01:46,03:01:53,00:00:07,7,205.4702135,214.0575615,209.7638875
5,0,1,03:02:01,03:02:09,00:00:08,8,219.4418971,229.4079589,224.424928
5,0,1,03:02:15,03:02:24,00:00:09,9,159.8414614,168.4452201,164.1433408
5,0,1,03:02:50,03:02:55,00:00:05,5,221.4018461,220.2905392,220.8461927
5,0,4,03:07:22,03:07:39,00:00:17,17,21.49590489,35.90342331,28.6996641
5,0,4,03:08:39,03:08:55,00:00:16,16,190.9325377,195.1552707,193.0439042
5,0,4,03:09:53,03:10:03,00:00:10,10,94.75009445,105.8662592,100.3081768
5,0,4,03:10:18,03:10:28,00:00:10,10,173.4075896,160.7333071,167.0704484
5,0,4,03:10:40,03:10:58,00:00:18,18,82.66162102,111.7716474,97.21663423
5,0,4,03:11:12,03:11:27,00:00:15,15,151.3562326,146.8296665,149.0929495
5,0,4,03:11:58,03:12:13,00:00:15,15,84.11735285,78.67474332,81.39604809
5,0,4,03:12:58,03:13:20,00:00:22,22,227.7577231,208.4771049,218.117414
5,0,4,03:14:06,03:14:17,00:00:11,11,92.54201941,84.89675763,88.71938852
5,0,4,03:14:29,03:14:40,00:00:11,11,202.4799037,175.5529017,189.0164027
5,0,5,03:19:14,03:19:25,00:00:11,11,489.3746513,392.4967032,440.9356773
5,0,5,03:19:34,03:19:40,00:00:06,6,42.64208584,40.14092142,41.39150363
5,0,5,03:19:48,03:19:55,00:00:07,7,214.1092519,207.1174159,210.6133339
5,0,5,03:20:06,03:20:12,00:00:06,6,147.9522854,147.5542267,147.753256
5,0,5,03:20:21,03:20:28,00:00:07,7,218.0602014,206.3411016,212.2006515
5,0,5,03:20:36,03:20:41,00:00:05,5,173.5808811,186.2615842,179.9212326
5,0,2,03:22:10,03:22:17,00:00:07,7,183.6703173,163.663406,173.6668616
5,0,2,03:22:28,03:22:34,00:00:06,6,98.84979767,89.48043524,94.16511645
5,0,2,03:22:44,03:22:50,00:00:06,6,178.864312,167.5252088,173.1947604
5,0,2,03:23:02,03:23:08,00:00:06,6,111.3761394,95.00777133,103.1919554
5,0,2,03:23:17,03:23:22,00:00:05,5,54.43635871,40.24302344,47.33969108
5,0,2,03:23:35,03:23:40,00:00:05,5,180.6664247,171.4948432,176.080634
5,0,2,03:23:51,03:23:56,00:00:05,5,27.53137748,31.02057992,29.2759787
5,0,2,03:24:09,03:24:14,00:00:05,5,78.51099493,79.39208548,78.95154021
5,0,2,03:24:27,03:24:33,00:00:06,6,74.38495043,67.39330121,70.88912582
5,0,2,03:24:54,03:25:01,00:00:07,7,151.5979653,144.3516624,147.9748139
5,0,3,03:28:11,03:28:16,00:00:05,5,280.5948012,273.345269,276.9700351
5,0,3,03:28:25,03:28:31,00:00:06,6,138.7168272,122.2367893,130.4768082
5,0,3,03:28:45,03:28:52,00:00:07,7,135.8839995,128.1137376,131.9988685
5,0,3,03:29:04,03:29:10,00:00:06,6,67.02997455,58.95751545,62.993745
5,0,3,03:29:20,03:29:26,00:00:06,6,279.6028445,279.6849113,279.6438779
5,0,3,03:29:37,03:29:43,00:00:06,6,104.9616356,96.18946346,100.5755495
6,0,1,04:31:26,04:31:35,00:00:09,9,92.41196844,104.0063348,98.2091516
6,0,1,04:31:51,04:32:26,00:00:35,35,1039.134581,786.4881567,912.8113689
6,0,1,04:32:56,04:33:07,00:00:11,11,542.7585995,457.8008202,500.2797099
6,0,1,04:33:25,04:33:36,00:00:11,11,95.76295705,136.9006091,116.3317831
6,0,1,04:33:45,04:33:57,00:00:12,12,148.6208734,74.85699296,111.7389332
6,0,1,04:34:06,04:34:17,00:00:11,11,75.47660287,35.49934382,55.48797334
6,0,4,04:41:06,04:41:37,00:00:31,31,84.93289406,54.21688361,69.57488884
6,0,4,04:44:01,04:44:26,00:00:25,25,61.66926923,79.39644886,70.53285905
6,0,4,04:44:57,04:45:33,00:00:36,36,717.8137088,628.2924438,673.0530763
6,0,4,04:46:35,04:47:25,00:00:50,50,301.8994284,255.5945572,278.7469928
6,0,4,04:48:31,04:49:25,00:00:54,54,43.08124006,36.69110565,39.88617285
6,0,4,04:50:05,04:50:41,00:00:36,36,72.25728357,82.97029029,77.61378693
6,0,4,04:53:18,04:53:44,00:00:26,26,491.5099029,473.2528804,482.3813916
6,0,4,04:54:16,04:54:55,00:00:39,39,575.4028897,428.0690333,501.7359615
6,0,4,04:55:20,04:56:01,00:00:41,41,251.8098452,275.0452032,263.4275242
6,0,4,04:56:43,04:57:22,00:00:39,39,912.5575635,673.4458016,793.0016825
6,0,5,05:02:51,05:03:01,00:00:10,10,330.3892505,408.5543407,369.4717956
6,0,5,05:03:22,05:03:35,00:00:13,13,673.9413334,685.7089183,679.8251258
6,0,5,05:03:52,05:04:01,00:00:09,9,214.7877489,186.663967,200.7258579
6,0,5,05:04:16,05:04:25,00:00:09,9,274.6746021,261.5532494,268.1139258
6,0,5,05:04:35,05:04:47,00:00:12,12,517.0335056,423.7419207,470.3877132
6,0,5,05:05:01,05:06:01,00:01:00,0,123.5509392,85.937257,104.7440981
6,0,2,05:06:53,05:07:03,00:00:10,10,44.45386276,39.88667902,42.17027089
6,0,2,05:07:12,05:07:18,00:00:06,6,41.73758193,60.0205841,50.87908301
6,0,2,05:07:51,05:07:58,00:00:07,7,124.9828917,68.48160043,96.73224607
6,0,2,05:08:31,05:08:38,00:00:07,7,75.88697591,55.22522076,65.55609833
6,0,2,05:08:52,05:09:01,00:00:09,9,81.43518657,62.51616777,71.97567717
6,0,2,05:09:24,05:09:29,00:00:05,5,64.18231312,78.2538237,71.21806841
6,0,2,05:09:42,05:09:47,00:00:05,5,122.9930658,97.71167771,110.3523718
6,0,2,05:09:57,05:10:03,00:00:06,6,52.36454184,53.92801215,53.14627699
6,0,2,05:10:18,05:10:22,00:00:04,4,82.55599741,65.40728992,73.98164367
6,0,2,05:10:33,05:10:38,00:00:05,5,116.8855213,94.87873669,105.882129
6,0,3,05:16:30,05:16:36,00:00:06,6,237.1002814,221.0649314,229.0826064
6,0,3,05:16:46,05:16:51,00:00:05,5,56.06119739,58.73946582,57.40033161
6,0,3,05:17:08,05:17:13,00:00:05,5,40.80648186,54.49489995,47.6506909
6,0,3,05:17:35,05:17:41,00:00:06,6,178.8305091,171.9649335,175.3977213
6,0,3,05:17:53,05:17:59,00:00:06,6,52.63509901,56.73259097,54.68384499
6,0,3,05:18:10,05:18:16,00:00:06,6,234.2349456,200.7591255,217.4970355
7,1,1,09:24:49,09:24:58,00:00:09,9,76.6665391,88.38671506,82.52662708
7,1,1,09:25:06,09:25:14,00:00:08,8,108.682256,110.0403381,109.3612971
7,1,1,09:25:23,09:25:30,00:00:07,7,132.4513422,124.5613812,128.5063617
7,1,1,09:25:37,09:25:43,00:00:06,6,74.70964602,74.31206627,74.51085614
7,1,1,09:25:50,09:25:57,00:00:07,7,54.53064052,57.6551059,56.09287321
7,1,1,09:26:03,09:26:08,00:00:05,5,80.66775645,75.50183704,78.08479674
7,1,2,09:29:10,09:29:20,00:00:10,10,28.64802758,31.14674264,29.89738511
7,1,2,09:29:31,09:29:37,00:00:06,6,90.08796083,82.91110219,86.49953151
7,1,2,09:29:47,09:29:54,00:00:07,7,99.67525641,107.4590419,103.5671491
7,1,2,09:30:03,09:30:09,00:00:06,6,74.6433089,73.16576189,73.90453539
7,1,2,09:30:18,09:30:24,00:00:06,6,38.80628859,45.46203568,42.13416213
7,1,2,09:30:34,09:30:40,00:00:06,6,32.04763911,33.3226175,32.6851283
7,1,2,09:30:52,09:30:59,00:00:07,7,98.13925434,101.3159013,99.72757784
7,1,2,09:31:08,09:31:14,00:00:06,6,39.49488462,43.11734018,41.3061124
7,1,2,09:31:24,09:31:31,00:00:07,7,62.73167926,54.90226354,58.8169714
7,1,2,09:31:42,09:31:48,00:00:06,6,35.8719412,30.892078,33.3820096
7,1,3,09:35:01,09:35:07,00:00:06,6,28.70568184,27.75021813,28.22794998
7,1,3,09:35:17,09:35:25,00:00:08,8,320.4878129,377.6307412,349.059277
7,1,3,09:35:37,09:35:45,00:00:08,8,132.1244995,174.3972084,153.260854
7,1,3,09:36:30,09:36:36,00:00:06,6,53.77370883,50.69848912,52.23609898
7,1,3,09:36:46,09:36:54,00:00:08,8,113.4968192,149.6923476,131.5945834
7,1,3,09:37:02,09:37:09,00:00:07,7,105.3814169,129.1090524,117.2452347
7,1,4,09:39:36,09:39:49,00:00:13,13,50.46202578,51.17970241,50.8208641
7,1,4,09:40:02,09:40:15,00:00:13,13,41.69148014,49.41740824,45.55444419
7,1,4,09:40:27,09:40:57,00:00:30,30,146.1195111,146.1421354,146.1308232
7,1,4,09:41:31,09:42:34,00:01:03,3,308.3783277,292.7369792,300.5576534
7,1,4,09:42:53,09:43:20,00:00:27,27,123.2212897,115.6651824,119.4432361
7,1,4,09:43:35,09:44:08,00:00:33,33,187.6033819,174.8870921,181.245237
7,1,4,09:44:22,09:44:44,00:00:22,22,69.39955588,60.78508514,65.09232051
7,1,4,09:44:57,09:45:14,00:00:17,17,124.2968412,104.6565841,114.4767126
7,1,4,09:45:28,09:45:45,00:00:17,17,77.27045691,72.05482823,74.66264257
7,1,4,09:46:01,09:46:22,00:00:21,21,131.1775163,117.4372699,124.3073931
7,1,5,09:50:06,09:50:13,00:00:07,7,60.50555751,64.44190059,62.47372905
7,1,5,09:50:21,09:50:29,00:00:08,8,50.47230781,45.23190008,47.85210395
7,1,5,09:51:00,09:51:08,00:00:08,8,110.6097245,109.0502358,109.8299802
7,1,5,09:52:27,09:52:36,00:00:09,9,85.83414842,85.51094203,85.67254522
7,1,5,09:52:45,09:52:58,00:00:13,13,63.34705127,56.4114553,59.87925329
7,1,5,09:53:08,09:53:16,00:00:08,8,71.24229107,79.58989415,75.41609261
8,1,1,10:27:17,10:27:26,00:00:09,9,120.6287383,127.0206955,123.8247169
8,1,1,10:27:38,10:27:47,00:00:09,9,76.48793604,79.72542955,78.1066828
8,1,1,10:27:57,10:28:06,00:00:09,9,58.70263603,61.96513967,60.33388785
8,1,1,10:28:15,10:28:25,00:00:10,10,103.1872435,107.5121676,105.3497056
8,1,1,10:28:34,10:28:41,00:00:07,7,151.1468961,162.3975854,156.7722407
8,1,1,10:28:51,10:29:00,00:00:09,9,136.5174634,142.1408077,139.3291355
8,1,4,10:40:46,10:41:08,00:00:22,22,92.4162925,183.6719876,138.04414
8,1,4,10:41:41,10:42:02,00:00:21,21,188.9238276,182.9907293,185.9572784
8,1,4,10:42:47,10:42:57,00:00:10,10,160.4982799,148.9420871,154.7201835
8,1,4,10:43:08,10:43:17,00:00:09,9,121.2692307,123.5496266,122.4094287
8,1,4,10:43:27,10:43:33,00:00:06,6,37.97216184,40.93987289,39.45601736
8,1,4,10:43:42,10:43:53,00:00:11,11,130.3828133,116.0938332,123.2383232
8,1,4,10:44:07,10:44:15,00:00:08,8,41.4150756,36.65461163,39.03484362
8,1,4,10:44:24,10:44:34,00:00:10,10,180.3028285,170.6254971,175.4641628
8,1,4,10:44:44,10:44:51,00:00:07,7,162.4780369,151.8093919,157.1437144
8,1,4,10:45:00,10:45:08,00:00:08,8,168.9001824,161.6208345,165.2605084
8,1,5,10:48:29,10:48:36,00:00:07,7,109.1440387,119.7224044,114.4332215
8,1,5,10:48:48,10:48:55,00:00:07,7,127.7518839,136.7349472,132.2434156
8,1,5,10:49:04,10:49:11,00:00:07,7,51.86603972,54.47588242,53.17096107
8,1,5,10:49:22,10:49:28,00:00:06,6,39.54204028,40.47527515,40.00865771
8,1,5,10:49:39,10:49:48,00:00:09,9,59.53903947,57.62524234,58.58214091
8,1,5,10:49:58,10:50:05,00:00:07,7,33.2850261,26.99540402,30.14021506
8,1,2,10:50:56,10:51:03,00:00:07,7,46.17358206,46.36375344,46.26866775
8,1,2,10:51:17,10:51:23,00:00:06,6,37.2376306,40.84824478,39.04293769
8,1,2,10:51:36,10:51:42,00:00:06,6,49.91556159,48.63754142,49.2765515
8,1,2,10:51:54,10:52:01,00:00:07,7,39.81280234,37.05835486,38.4355786
8,1,2,10:52:14,10:52:20,00:00:06,6,93.9997693,103.4084972,98.70413325
8,1,2,10:52:31,10:52:37,00:00:06,6,42.19561818,43.24313225,42.71937521
8,1,2,10:52:52,10:52:59,00:00:07,7,45.35505871,49.02910271,47.19208071
8,1,2,10:53:12,10:53:17,00:00:05,5,40.39053217,40.9980857,40.69430894
8,1,2,10:53:32,10:53:39,00:00:07,7,57.42877241,54.42314432,55.92595837
8,1,2,10:53:53,10:53:59,00:00:06,6,82.12092598,86.54720963,84.3340678
8,1,3,10:56:50,10:56:57,00:00:07,7,91.60460812,98.19576485,94.90018649
8,1,3,10:57:08,10:57:14,00:00:06,6,37.56975167,38.07885898,37.82430533
8,1,3,10:57:50,10:57:56,00:00:06,6,79.485646,84.76429947,82.12497273
8,1,3,10:58:08,10:58:14,00:00:06,6,55.67823606,56.92380141,56.30101873
8,1,3,10:58:44,10:58:50,00:00:06,6,55.76852565,53.15192343,54.46022454
8,1,3,10:59:02,10:59:08,00:00:06,6,34.13903043,34.18686785,34.16294914
9,0,1,10:35:19,10:35:28,00:00:09,9,392.0238991,415.5321609,403.77803
9,0,1,10:35:41,10:35:52,00:00:11,11,468.6783192,447.8894937,458.2839064
9,0,1,10:37:14,10:37:22,00:00:08,8,521.1898,554.0743565,537.6320783
9,0,1,10:37:34,10:37:41,00:00:07,7,304.5278151,326.568599,315.548207
9,0,1,10:38:11,10:38:16,00:00:05,5,105.0118303,144.0228051,124.5173177
9,0,1,10:38:26,10:38:31,00:00:05,5,130.2341126,160.1037935,145.168953
9,0,2,10:41:55,10:42:02,00:00:07,7,108.1363531,86.02400634,97.08017971
9,0,2,10:42:13,10:42:19,00:00:06,6,71.70638552,64.98273339,68.34455946
9,0,2,10:42:32,10:42:37,00:00:05,5,92.2254163,99.93717335,96.08129482
9,0,2,10:42:52,10:42:59,00:00:07,7,46.10949687,55.70166504,50.90558096
9,0,2,10:43:17,10:43:23,00:00:06,6,135.3483805,126.5168328,130.9326066
9,0,2,10:44:02,10:44:09,00:00:07,7,163.8996139,119.1232416,141.5114278
9,0,2,10:44:32,10:44:40,00:00:08,8,71.38706228,64.87316852,68.1301154
9,0,2,10:44:59,10:45:08,00:00:09,9,81.57363662,56.45768209,69.01565935
9,0,2,10:45:31,10:45:39,00:00:08,8,54.05784656,88.27223032,71.16503844
9,0,2,10:46:55,10:47:01,00:00:06,6,69.50827012,98.92828589,84.218278
9,0,3,10:52:41,10:52:47,00:00:06,6,296.988483,301.5274759,299.2579794
9,0,3,10:53:13,10:53:24,00:00:11,11,550.4918307,614.2895484,582.3906896
9,0,3,10:54:06,10:54:12,00:00:06,6,205.5798597,243.4673931,224.5236264
9,0,3,10:54:22,10:54:23,00:00:01,1,30.00569409,53.85210964,41.92890187
9,0,3,10:54:29,10:54:37,00:00:08,8,293.5001527,363.4975146,328.4988336
9,0,3,10:55:10,10:55:18,00:00:08,8,82.97748091,109.8146659,96.39607339
9,0,4,10:57:59,10:58:05,00:00:06,6,107.7031458,90.72600263,99.2145742
9,0,4,10:58:19,10:58:27,00:00:08,8,258.7835768,254.3774192,256.580498
9,0,4,10:59:47,10:59:54,00:00:07,7,118.5367128,135.0233827,126.7800477
9,0,4,11:00:49,11:01:27,00:00:38,38,47.48943706,92.38594528,69.93769117
9,0,4,11:03:48,11:04:51,00:01:03,3,50.82050201,36.72057431,43.77053816
9,0,4,11:04:59,11:05:22,00:00:23,23,716.5587683,555.5574067,636.0580875
9,0,4,11:05:53,11:06:31,00:00:38,38,79.60152075,62.60656656,71.10404366
9,0,4,11:06:44,11:07:37,00:00:53,53,72.53568008,58.55166966,65.54367487
9,0,4,11:09:15,11:09:31,00:00:16,16,268.2599906,189.3870536,228.8235221
9,0,4,11:09:52,11:10:12,00:00:20,20,744.1517674,651.2610144,697.7063909
9,0,5,11:13:35,11:13:44,00:00:09,9,74.28265235,74.25604092,74.26934663
9,0,5,11:13:50,11:14:08,00:00:18,18,697.9229916,417.7678814,557.8454365
9,0,5,11:14:19,11:14:33,00:00:14,14,153.9326008,117.00608,135.4693404
9,0,5,11:15:12,11:15:22,00:00:10,10,170.1135327,223.5704385,196.8419856
9,0,5,11:15:28,11:15:35,00:00:07,7,368.1511853,431.9232324,400.0372089
9,0,5,11:16:11,11:16:18,00:00:07,7,101.3691689,152.599988,126.9845784
12,0,1,03:28:00,03:28:08,00:00:08,8,157.3717387,6.498855943,81.93529731
12,0,1,03:28:20,03:28:27,00:00:07,7,163.1540456,6.094160114,84.62410283
12,0,1,03:28:44,03:28:52,00:00:08,8,7.757815264,8.81036411,8.284089687
12,0,1,03:29:07,03:29:15,00:00:08,8,71.01015725,8.294569904,39.65236358
12,0,1,03:29:26,03:29:33,00:00:07,7,17.13890424,5.55469796,11.3468011
12,0,1,03:30:07,03:30:12,00:00:05,5,5.35033843,335.6185616,170.48445
12,0,2,03:36:04,03:36:13,00:00:09,9,119.2119795,120.3636918,119.7878357
12,0,2,03:36:27,03:36:35,00:00:08,8,57.90517591,58.55525114,58.23021352
12,0,2,03:36:48,03:36:56,00:00:08,8,171.9517892,160.9717916,166.4617904
12,0,2,03:37:07,03:37:15,00:00:08,8,80.87490494,57.45640681,69.16565588
12,0,2,03:37:30,03:37:37,00:00:07,7,144.0108337,127.9842867,135.9975602
12,0,2,03:37:52,03:37:59,00:00:07,7,128.1527996,127.761932,127.9573658
12,0,2,03:38:11,03:38:18,00:00:07,7,162.4072716,155.104052,158.7556618
12,0,2,03:38:30,03:38:37,00:00:07,7,43.94942726,46.15961187,45.05451956
12,0,2,03:38:47,03:38:54,00:00:07,7,115.2796636,108.8114893,112.0455765
12,0,2,03:39:03,03:39:09,00:00:06,6,81.33002955,66.05716092,73.69359524
12,0,3,03:43:25,03:43:32,00:00:07,7,40.21855898,40.08883124,40.15369511
12,0,3,03:43:42,03:43:48,00:00:06,6,244.7063848,214.6536168,229.6800008
12,0,3,03:43:55,03:44:02,00:00:07,7,112.4750679,101.295096,106.885082
12,0,3,03:44:10,03:44:17,00:00:07,7,56.84070942,52.42885718,54.6347833
12,0,3,03:44:26,03:44:34,00:00:08,8,88.3483999,84.05215599,86.20027795
12,0,3,03:44:44,03:44:50,00:00:06,6,155.9220476,149.7091872,152.8156174
12,0,4,03:54:18,03:54:25,00:00:07,7,39.50592754,36.39877039,37.95234896
12,0,4,03:54:34,03:54:41,00:00:07,7,51.1648279,48.22941635,49.69712212
12,0,4,03:54:48,03:55:00,00:00:12,12,112.1790097,98.45570306,105.3173564
12,0,4,03:55:17,03:55:30,00:00:13,13,206.3011648,192.7909857,199.5460753
12,0,4,03:55:52,03:56:01,00:00:09,9,157.8281971,138.7837938,148.3059954
12,0,4,03:56:15,03:56:21,00:00:06,6,31.60891325,34.33635465,32.97263395
12,0,4,03:56:30,03:56:37,00:00:07,7,57.22444077,26.67487161,41.94965619
12,0,4,03:56:39,03:56:46,00:00:07,7,43.27500372,45.00876927,44.1418865
12,0,4,03:56:56,03:57:04,00:00:08,8,50.94594598,48.14324679,49.54459638
12,0,4,03:57:12,03:57:19,00:00:07,7,59.80921659,60.54929909,60.17925784
12,0,5,04:01:00,04:01:07,00:00:07,7,45.25386325,41.66048809,43.45717567
12,0,5,04:01:14,04:01:21,00:00:07,7,76.74778309,76.52716452,76.63747381
12,0,5,04:01:29,04:01:35,00:00:06,6,61.07164993,58.55790688,59.81477841
12,0,5,04:01:44,04:01:50,00:00:06,6,43.24258329,37.46941619,40.35599974
12,0,5,04:01:58,04:02:05,00:00:07,7,68.51793811,63.22979846,65.87386828
12,0,5,04:02:14,04:02:21,00:00:07,7,73.76317687,63.43965335,68.60141511
13,0,1,04:22:56,04:23:04,00:00:08,8,44.75594726,50.93314118,47.84454422
13,0,1,04:23:11,04:23:20,00:00:09,9,497.5216272,515.898275,506.7099511
13,0,1,04:23:39,04:23:46,00:00:07,7,287.8542824,293.6990126,290.7766475
13,0,1,04:23:54,04:24:04,00:00:10,10,282.8550282,296.3947268,289.6248775
13,0,1,04:24:12,04:24:19,00:00:07,7,103.2299573,98.14850795,100.6892326
13,0,1,04:24:27,04:24:34,00:00:07,7,52.855506,60.15322657,56.50436628
13,0,2,04:26:59,04:27:06,00:00:07,7,39.79762864,43.46762239,41.63262552
13,0,2,04:27:15,04:27:21,00:00:06,6,48.56595217,55.6430625,52.10450733
13,0,2,04:27:33,04:27:39,00:00:06,6,74.8590583,70.96268318,72.91087074
13,0,2,04:27:49,04:27:54,00:00:05,5,45.40984398,47.81047838,46.61016118
13,0,2,04:28:06,04:28:12,00:00:06,6,45.98573703,40.82857623,43.40715663
13,0,2,04:28:23,04:28:29,00:00:06,6,51.01568233,52.96215084,51.98891658
13,0,2,04:28:40,04:28:46,00:00:06,6,53.84924462,58.06929848,55.95927155
13,0,2,04:28:55,04:29:00,00:00:05,5,37.45416134,44.76104093,41.10760114
13,0,2,04:29:10,04:29:14,00:00:04,4,28.71072745,36.7121238,32.71142563
13,0,2,04:29:28,04:29:32,00:00:04,4,34.96231395,42.23362637,38.59797016
13,0,3,04:34:02,04:34:08,00:00:06,6,106.0963931,123.6488495,114.8726213
13,0,3,04:34:15,04:34:22,00:00:07,7,163.0813506,173.0316682,168.0565094
13,0,3,04:34:30,04:34:42,00:00:12,12,160.5345252,173.5822247,167.0583749
13,0,3,04:34:45,04:34:51,00:00:06,6,45.16770693,45.21343196,45.19056945
13,0,3,04:34:58,04:35:02,00:00:04,4,91.38543254,97.72902953,94.55723103
13,0,3,04:35:10,04:35:15,00:00:05,5,37.04716884,38.5130826,37.78012572
13,0,4,04:37:37,04:37:46,00:00:09,9,136.7318113,138.8929061,137.8123587
13,0,4,04:38:55,04:39:04,00:00:09,9,130.2487916,140.6136009,135.4311962
13,0,4,04:40:24,04:40:30,00:00:06,6,30.30265692,30.37130555,30.33698123
13,0,4,04:40:41,04:40:51,00:00:10,10,144.7141988,125.4602197,135.0872092
13,0,4,04:41:04,04:41:10,00:00:06,6,42.42439719,46.43976532,44.43208126
13,0,4,04:43:15,04:43:21,00:00:06,6,52.61609778,44.90560974,48.76085376
13,0,4,04:43:31,04:43:37,00:00:06,6,52.35575752,50.44262279,51.39919015
13,0,4,04:43:45,04:44:02,00:00:17,17,124.2651083,135.8793914,130.0722498
13,0,4,04:44:15,04:44:20,00:00:05,5,100.891526,106.8391592,103.8653426
13,0,4,04:44:31,04:44:37,00:00:06,6,33.34183193,24.91636994,29.12910093
13,0,5,04:46:59,04:47:05,00:00:06,6,153.0319532,163.2710269,158.15149
13,0,5,04:47:14,04:47:19,00:00:05,5,106.4556736,121.9714105,114.2135421
13,0,5,04:47:32,04:47:36,00:00:04,4,49.31325882,47.58334438,48.4483016
13,0,5,04:47:45,04:47:51,00:00:06,6,216.0768561,244.1539491,230.1154026
13,0,5,04:48:03,04:48:09,00:00:06,6,97.07453736,108.9842945,103.0294159
13,0,5,04:48:16,04:48:22,00:00:06,6,51.92212681,56.24091216,54.08151948
14,1,1,06:00:23,06:00:39,00:00:16,16,139.7589452,144.8288016,142.2938734
14,1,1,06:00:55,06:01:05,00:00:10,10,139.1816296,179.4828664,159.332248
14,1,1,06:01:16,06:01:30,00:00:14,14,120.9097033,152.1321713,136.5209373
14,1,1,06:01:39,06:01:49,00:00:10,10,171.9879366,211.7115655,191.849751
14,1,1,06:02:00,06:02:22,00:00:22,22,124.2756425,153.1512008,138.7134217
14,1,1,06:02:22,06:02:31,00:00:09,9,93.91116957,127.796832,110.8540008
14,1,4,06:08:50,06:09:08,00:00:18,18,72.59741645,76.94020703,74.76881174
14,1,4,06:09:23,06:09:39,00:00:16,16,57.09523694,39.60371046,48.3494737
14,1,4,06:09:49,06:10:04,00:00:15,15,68.79591119,49.28956476,59.04273797
14,1,4,06:10:14,06:10:29,00:00:15,15,39.28404676,31.20808294,35.24606485
14,1,4,06:10:37,06:10:49,00:00:12,12,63.99087573,45.33228908,54.66158241
14,1,4,06:10:58,06:11:08,00:00:10,10,46.1535114,32.52583864,39.33967502
14,1,4,06:11:20,06:11:32,00:00:12,12,40.51811824,32.17884192,36.34848008
14,1,4,06:11:41,06:11:50,00:00:09,9,146.8926025,129.2523055,138.072454
14,1,4,06:12:00,06:12:10,00:00:10,10,34.75832775,35.07532792,34.91682783
14,1,4,06:12:23,06:12:33,00:00:10,10,46.18401298,33.9838247,40.08391884
14,1,5,06:19:52,06:20:02,00:00:10,10,46.59000717,41.53673677,44.06337197
14,1,5,06:20:12,06:20:24,00:00:12,12,73.19621822,83.68845314,78.44233568
14,1,5,06:20:36,06:20:46,00:00:10,10,165.6254259,221.9386435,193.7820347
14,1,5,06:21:00,06:21:15,00:00:15,15,362.6952764,431.6428946,397.1690855
14,1,5,06:21:40,06:21:52,00:00:12,12,211.233502,274.2931354,242.7633187
14,1,5,06:22:10,06:22:25,00:00:15,15,41.19657547,56.69207351,48.94432449
14,1,2,06:27:02,06:27:15,00:00:13,13,189.696351,174.723485,182.209918
14,1,2,06:27:30,06:27:42,00:00:12,12,78.29522143,73.38063517,75.8379283
14,1,2,06:27:54,06:28:05,00:00:11,11,198.4734791,188.128127,193.300803
14,1,2,06:28:16,06:28:28,00:00:12,12,56.40262249,51.40116848,53.90189548
14,1,2,06:28:38,06:28:49,00:00:11,11,68.33097791,60.73909973,64.53503882
14,1,2,06:29:03,06:29:15,00:00:12,12,59.97860434,57.83101199,58.90480817
14,1,2,06:29:26,06:29:37,00:00:11,11,74.63934284,65.35459172,69.99696728
14,1,2,06:29:52,06:30:02,00:00:10,10,86.95219073,86.95974333,86.95596703
14,1,2,06:30:12,06:30:20,00:00:08,8,108.2894189,106.4201984,107.3548086
14,1,2,06:30:30,06:30:40,00:00:10,10,86.60003254,85.02268435,85.81135845
14,1,3,06:34:28,06:34:39,00:00:11,11,79.67685359,70.34236115,75.00960737
14,1,3,06:34:51,06:35:04,00:00:13,13,237.0259617,292.4572634,264.7416125
14,1,3,06:36:16,06:36:30,00:00:14,14,80.50028409,50.46168856,65.48098633
14,1,3,06:36:46,06:36:59,00:00:13,13,89.07245874,95.36533233,92.21889554
14,1,3,06:37:12,06:37:25,00:00:13,13,100.5541564,88.86305864,94.70860751
14,1,3,06:37:40,06:37:52,00:00:12,12,112.6467999,109.0971273,110.8719636
15,1,1,06:04:02,06:04:11,00:00:09,9,70.29190648,96.74617513,83.51904081
15,1,1,06:04:23,06:04:34,00:00:11,11,202.6603968,233.8012519,218.2308243
15,1,1,06:04:48,06:04:58,00:00:10,10,99.51889802,107.135135,103.3270165
15,1,1,06:05:10,06:05:20,00:00:10,10,138.6977918,143.8368814,141.2673366
15,1,1,06:05:31,06:05:39,00:00:08,8,136.8629865,145.0095839,140.9362852
15,1,1,06:05:51,06:05:59,00:00:08,8,48.34114828,43.13224973,45.736699
15,1,2,06:09:43,06:09:53,00:00:10,10,54.68142485,54.10077483,54.39109984
15,1,2,06:10:05,06:10:14,00:00:09,9,49.39886533,48.54119552,48.97003042
15,1,2,06:10:26,06:10:34,00:00:08,8,48.61689395,42.78205453,45.69947424
15,1,2,06:10:45,06:10:52,00:00:07,7,69.78477488,69.40292575,69.59385031
15,1,2,06:11:03,06:11:10,00:00:07,7,141.0765311,136.8481217,138.9623264
15,1,2,06:11:21,06:11:29,00:00:08,8,41.47913963,37.55267228,39.51590596
15,1,2,06:11:40,06:11:48,00:00:08,8,100.2526471,96.98701902,98.61983307
15,1,2,06:12:08,06:12:15,00:00:07,7,37.41499405,36.49269949,36.95384677
15,1,2,06:12:27,06:12:35,00:00:08,8,43.83331301,40.01116016,41.92223658
15,1,2,06:12:54,06:13:00,00:00:06,6,47.58313333,47.81114701,47.69714017
15,1,3,06:18:04,06:18:12,00:00:08,8,189.8180001,204.1962135,197.0071068
15,1,3,06:18:23,06:18:32,00:00:09,9,48.14541145,50.33983891,49.24262518
15,1,3,06:18:41,06:18:50,00:00:09,9,84.33351362,85.40399773,84.86875567
15,1,3,06:19:01,06:19:09,00:00:08,8,110.103568,119.2557847,114.6796764
15,1,3,06:19:20,06:19:29,00:00:09,9,125.155435,153.5239279,139.3396814
15,1,3,06:19:43,06:19:54,00:00:11,11,72.15457621,70.47692831,71.31575226
15,1,4,06:21:39,06:21:48,00:00:09,9,40.12283913,37.5824753,38.85265721
15,1,4,06:21:59,06:22:09,00:00:10,10,133.9752542,128.6705032,131.3228787
15,1,4,06:22:20,06:22:29,00:00:09,9,164.223145,156.9833456,160.6032453
15,1,4,06:22:45,06:22:54,00:00:09,9,131.4064452,129.2360866,130.3212659
15,1,4,06:23:12,06:23:21,00:00:09,9,143.0713305,139.7046168,141.3879737
15,1,4,06:23:34,06:23:43,00:00:09,9,104.8829504,109.1610933,107.0220219
15,1,4,06:23:57,06:24:07,00:00:10,10,65.24035901,61.57390302,63.40713102
15,1,4,06:24:29,06:24:38,00:00:09,9,44.43180597,37.14391102,40.78785849
15,1,4,06:25:02,06:25:12,00:00:10,10,45.26655557,38.10181942,41.6841875
15,1,4,06:25:29,06:25:37,00:00:08,8,131.3513238,138.1520216,134.7516727
15,1,5,06:43:20,06:43:29,00:00:09,9,66.22391326,67.76541471,66.99466399
15,1,5,06:44:31,06:44:43,00:00:12,12,159.4881954,149.0859578,154.2870766
15,1,5,06:44:52,06:45:01,00:00:09,9,171.4801002,188.916379,180.1982396
15,1,5,06:45:15,06:45:25,00:00:10,10,59.62685734,64.45985871,62.04335802
15,1,5,06:45:37,06:45:46,00:00:09,9,73.64053156,97.04889459,85.34471308
15,1,5,06:45:59,06:46:08,00:00:09,9,161.6210426,191.3281498,176.4745962
16,1,1,09:49:52,09:50:02,00:00:10,10,43.58921849,42.66626764,43.12774306
16,1,1,09:50:25,09:50:34,00:00:09,9,84.73176345,77.490604,81.11118372
16,1,1,09:50:51,09:51:01,00:00:10,10,171.8843275,189.0478663,180.4660969
16,1,1,09:51:18,09:51:26,00:00:08,8,43.47978513,41.98732519,42.73355516
16,1,1,09:51:40,09:51:47,00:00:07,7,45.66455597,78.1156258,61.89009088
16,1,1,09:52:01,09:52:09,00:00:08,8,187.5753114,190.514925,189.0451182
16,1,2,09:55:47,09:55:56,00:00:09,9,169.6078419,162.9838825,166.2958622
16,1,2,09:56:09,09:56:17,00:00:08,8,202.2457768,212.9266569,207.5862169
16,1,2,09:56:35,09:56:43,00:00:08,8,83.28209218,88.31645589,85.79927403
16,1,2,09:56:57,09:57:05,00:00:08,8,162.3968742,158.0328918,160.214883
16,1,2,09:57:16,09:57:25,00:00:09,9,40.77204245,40.24482959,40.50843602
16,1,2,09:57:35,09:57:42,00:00:07,7,79.9230621,78.77215742,79.34760976
16,1,2,09:57:53,09:58:00,00:00:07,7,58.9887358,62.04339013,60.51606297
16,1,2,09:58:12,09:58:19,00:00:07,7,106.9093202,106.2461929,106.5777566
16,1,2,09:58:30,09:58:38,00:00:08,8,74.87237156,71.76842519,73.32039837
16,1,2,09:58:50,09:58:57,00:00:07,7,76.29530261,73.67644971,74.98587616
16,1,3,10:04:51,10:04:58,00:00:07,7,195.6735176,204.5200447,200.0967812
16,1,3,10:05:11,10:05:17,00:00:06,6,55.13360716,58.30799648,56.72080182
16,1,3,10:05:27,10:05:33,00:00:06,6,41.09750932,59.17517604,50.13634268
16,1,3,10:05:43,10:05:49,00:00:06,6,271.9878189,278.1492941,275.0685565
16,1,3,10:05:58,10:06:05,00:00:07,7,85.00359706,119.1954926,102.0995449
16,1,3,10:06:16,10:06:23,00:00:07,7,90.76818487,94.31975477,92.54396982
16,1,4,10:10:16,10:10:22,00:00:06,6,38.92046783,36.71290478,37.8166863
16,1,4,10:10:32,10:10:40,00:00:08,8,84.9234916,87.20923057,86.06636108
16,1,4,10:10:56,10:11:03,00:00:07,7,73.46583941,88.06481965,80.76532953
16,1,4,10:11:22,10:11:32,00:00:10,10,270.7758234,230.9660155,250.8709195
16,1,4,10:12:04,10:12:10,00:00:06,6,27.46362188,21.79133637,24.62747913
16,1,4,10:12:19,10:12:32,00:00:13,13,254.4388737,246.5635793,250.5012265
16,1,4,10:12:41,10:12:48,00:00:07,7,76.83353674,80.13675358,78.48514516
16,1,4,10:12:57,10:13:04,00:00:07,7,33.43152323,34.83235902,34.13194113
16,1,4,10:13:14,10:13:20,00:00:06,6,43.42617271,42.56040801,42.99329036
16,1,4,10:13:29,10:13:37,00:00:08,8,74.16441774,73.79164164,73.97802969
16,1,5,10:17:13,10:17:20,00:00:07,7,57.70836995,72.93670932,65.32253963
16,1,5,10:17:30,10:17:37,00:00:07,7,145.9273309,163.9183472,154.9228391
16,1,5,10:17:46,10:17:53,00:00:07,7,127.0021783,103.2625061,115.1323422
16,1,5,10:18:04,10:18:12,00:00:08,8,194.1622654,193.9959868,194.0791261
16,1,5,10:18:22,10:18:29,00:00:07,7,144.4151971,164.0371449,154.226171
16,1,5,10:18:37,10:18:44,00:00:07,7,87.08927879,99.77435263,93.43181571
17,1,1,10:09:39,10:09:50,00:00:11,11,37.00267887,29.27637138,33.13952513
17,1,1,10:10:22,10:10:35,00:00:13,13,136.1821798,162.6743426,149.4282612
17,1,1,10:10:50,10:11:23,00:00:33,33,124.759059,126.1477265,125.4533928
17,1,1,10:11:36,10:11:46,00:00:10,10,52.17550919,51.07483415,51.62517167
17,1,1,10:11:58,10:12:08,00:00:10,10,174.2401209,188.7251803,181.4826506
17,1,1,10:12:19,10:12:29,00:00:10,10,125.3134865,125.5970371,125.4552618
17,1,4,10:20:51,10:21:29,00:00:38,38,53.68204879,50.86436026,52.27320453
17,1,4,10:21:47,10:22:06,00:00:19,19,109.8713211,117.183931,113.5276261
17,1,4,10:22:20,10:22:34,00:00:14,14,83.98984779,99.43625738,91.71305258
17,1,4,10:23:47,10:24:05,00:00:18,18,54.30746352,53.15755427,53.73250889
17,1,4,10:24:16,10:24:33,00:00:17,17,34.01643092,32.45950302,33.23796697
17,1,4,10:25:01,10:25:11,00:00:10,10,31.40272218,25.62590382,28.514313
17,1,4,10:25:23,10:25:37,00:00:14,14,52.41188956,49.13807402,50.77498179
17,1,4,10:25:49,10:26:13,00:00:24,24,71.98191947,62.31812536,67.15002242
17,1,4,10:26:25,10:26:45,00:00:20,20,110.2965503,113.4908611,111.8937057
17,1,4,10:27:05,10:27:28,00:00:23,23,77.23258975,71.55822708,74.39540841
17,1,5,10:31:48,10:31:59,00:00:11,11,50.89713997,62.49480786,56.69597392
17,1,5,10:32:11,10:32:22,00:00:11,11,59.97599438,62.79739831,61.38669635
17,1,5,10:32:37,10:32:47,00:00:10,10,135.2188389,157.7950041,146.5069215
17,1,5,10:33:03,10:33:12,00:00:09,9,99.82219843,118.1045616,108.96338
17,1,5,10:33:33,10:33:43,00:00:10,10,170.2811667,207.0057292,188.643448
17,1,5,10:33:59,10:34:09,00:00:10,10,71.51073715,75.18613023,73.34843369
17,1,2,10:34:53,10:35:03,00:00:10,10,35.47723525,26.65219055,31.0647129
17,1,2,10:35:20,10:35:29,00:00:09,9,32.65910662,34.41180066,33.53545364
17,1,2,10:35:44,10:35:53,00:00:09,9,49.02702728,41.6566987,45.34186299
17,1,2,10:36:08,10:36:16,00:00:08,8,25.2119923,18.80216628,22.00707929
17,1,2,10:36:34,10:36:42,00:00:08,8,84.83181795,77.15230958,80.99206376
17,1,2,10:36:58,10:37:10,00:00:12,12,41.93917477,38.45394794,40.19656136
17,1,2,10:37:26,10:37:35,00:00:09,9,88.12542269,76.49806099,82.31174184
17,1,2,10:37:55,10:38:03,00:00:08,8,40.9040259,36.88644869,38.8952373
17,1,2,10:38:22,10:38:33,00:00:11,11,65.35107112,73.58946272,69.47026692
17,1,2,10:38:53,10:39:02,00:00:09,9,59.28965502,60.83948948,60.06457225
17,1,3,10:42:12,10:42:21,00:00:09,9,61.3659986,46.35308663,53.85954262
17,1,3,10:42:32,10:42:40,00:00:08,8,77.59444359,78.04325758,77.81885058
17,1,3,10:42:55,10:43:04,00:00:09,9,128.6201169,144.6345995,136.6273582
17,1,3,10:43:17,10:43:25,00:00:08,8,110.5261268,130.2671258,120.3966263
17,1,3,10:43:39,10:43:47,00:00:08,8,136.5250618,152.520463,144.5227624
17,1,3,10:44:01,10:44:08,00:00:07,7,47.7330657,51.34755316,49.54030943
18,1,1,11:58:03,11:58:13,00:00:10,10,168.5214792,184.2973177,176.4093984
18,1,1,11:58:23,11:58:33,00:00:10,10,128.8907697,149.0206826,138.9557261
18,1,1,11:58:45,11:58:56,00:00:11,11,93.74816252,145.8411112,119.7946369
18,1,1,12:00:36,12:00:47,00:00:11,11,105.6746198,125.6046518,115.6396358
18,1,1,12:01:09,12:01:19,00:00:10,10,70.12905173,78.52924482,74.32914828
18,1,1,12:01:29,12:01:38,00:00:09,9,118.6795674,142.7881272,130.7338473
18,1,4,12:05:19,12:07:25,00:02:06,6,80.64505637,87.19929637,83.92217637
18,1,4,12:07:42,12:07:56,00:00:14,14,103.7454944,122.0813437,112.913419
18,1,4,12:08:41,12:09:00,00:00:19,19,237.677002,178.1256527,207.9013274
18,1,4,12:10:17,12:10:35,00:00:18,18,92.77869888,90.07735939,91.42802913
18,1,4,12:11:18,12:11:30,00:00:12,12,50.11421817,36.9532027,43.53371043
18,1,4,12:11:41,12:11:55,00:00:14,14,76.26316771,76.96666596,76.61491683
18,1,4,12:12:07,12:12:19,00:00:12,12,55.74263049,43.1054883,49.4240594
18,1,4,12:12:58,12:13:14,00:00:16,16,46.42988545,49.51704698,47.97346622
18,1,4,12:14:41,12:14:54,00:00:13,13,66.06538062,64.34816531,65.20677297
18,1,4,12:15:06,12:15:30,00:00:24,24,102.936521,143.7535444,123.3450327
18,1,5,12:21:54,12:22:08,00:00:14,14,122.6373791,113.3626479,118.0000135
18,1,5,12:22:18,12:22:33,00:00:15,15,486.6947042,583.3776413,535.0361728
18,1,5,12:22:57,12:23:11,00:00:14,14,112.8663449,147.6884791,130.277412
18,1,5,12:23:23,12:23:35,00:00:12,12,54.15572067,74.18323337,64.16947702
18,1,5,12:23:52,12:24:07,00:00:15,15,125.1978363,147.2161417,136.206989
18,1,5,12:24:19,12:24:34,00:00:15,15,84.12275585,105.6696115,94.89618369
18,1,2,12:25:48,12:26:00,00:00:12,12,51.77221989,60.97143579,56.37182784
18,1,2,12:26:12,12:26:24,00:00:12,12,116.971295,102.047573,109.509434
18,1,2,12:27:34,12:27:45,00:00:11,11,54.96904935,55.98340877,55.47622906
18,1,2,12:27:56,12:28:08,00:00:12,12,86.69599834,57.74010491,72.21805163
18,1,2,12:29:19,12:29:27,00:00:08,8,37.70394715,33.65730315,35.68062515
18,1,2,12:29:40,12:29:50,00:00:10,10,55.64484246,71.35734184,63.50109215
18,1,2,12:30:07,12:30:16,00:00:09,9,44.43450548,64.62638409,54.53044478
18,1,2,12:30:29,12:30:39,00:00:10,10,98.97925617,99.64948787,99.31437202
18,1,2,12:31:01,12:31:08,00:00:07,7,46.88905325,39.56384685,43.22645005
18,1,2,12:31:25,12:31:35,00:00:10,10,91.62350291,91.98581282,91.80465787
18,1,3,12:35:47,12:36:00,00:00:13,13,150.2297162,207.0817662,178.6557412
18,1,3,12:36:12,12:36:23,00:00:11,11,314.0902767,379.784585,346.9374309
18,1,3,12:36:47,12:37:03,00:00:16,16,134.0510858,155.7527064,144.9018961
18,1,3,12:37:13,12:37:27,00:00:14,14,97.82700015,82.64842293,90.23771154
18,1,3,12:37:52,12:38:18,00:00:26,26,482.7300902,560.2323456,521.4812179
18,1,3,12:38:51,12:39:04,00:00:13,13,45.16968331,59.1259181,52.1478007
